{
    "train_loss": [
        0.03729332003742456,
        0.03693532481789589,
        0.0361755134165287,
        0.03703404545783997,
        0.03621912706643343,
        0.037969410941004755,
        0.035366994142532346,
        0.03753877129405737,
        0.039410616680979726,
        0.0379430329054594,
        0.037690280601382256,
        0.03781568448990583,
        0.03818209499120712,
        0.03890398379415274,
        0.039479029439389704,
        0.036590939313173296,
        0.03869383901357651,
        0.03640957206487656,
        0.03716209303587675,
        0.0373635046184063,
        0.036011032145470384,
        0.0370328564196825,
        0.037536680996418,
        0.03756491057574749,
        0.0370677574723959
    ],
    "valid_loss": [
        0.03913799300789833,
        0.034743545310837884,
        0.03620404510625771,
        0.03750923994396414,
        0.036259714514017105,
        0.03732221307499068,
        0.03722182767731803,
        0.03515002104852881,
        0.03581867792776653,
        0.036664947867393494,
        0.03845917859247753,
        0.038354153611830304,
        0.03913154586085251,
        0.0386570327516113,
        0.03561192378401756,
        0.0373051469879491,
        0.037596343883446286,
        0.03877762705087662,
        0.03623195072369916,
        0.03747933145080294,
        0.03738055644290788,
        0.03736758977174759,
        0.036799498700669835,
        0.042859356318201335,
        0.03550663483994348
    ],
    "valid_psnr": [
        30.606852667672293,
        31.211395808628627,
        31.62427874973842,
        30.76411165509905,
        31.43002428327288,
        30.613074711390905,
        31.2335079738072,
        31.82041358947754,
        31.39919798714774,
        30.688008989606583,
        30.880584444318497,
        30.68121910095215,
        30.6174498966762,
        31.06434985569545,
        31.673791067940847,
        31.329771041870117,
        30.84341267177037,
        30.87506185259138,
        31.10307856968471,
        30.91246005467006,
        31.230963025774276,
        31.269006729125977,
        30.551154000418528,
        29.848849977765763,
        31.542232240949357
    ]
}