{
    "train_loss": [
        0.05832111010327935,
        0.017326546460390092,
        0.014469821276143192,
        0.011605474958196282,
        0.009447674462571741,
        0.006748228268697858,
        0.00548441605642438,
        0.005685162427835166,
        0.004650294031016529,
        0.004676575064659119,
        0.004229419305920601,
        0.004108239293564111,
        0.0038970768405124545,
        0.0034177331998944283,
        0.003582662537228316,
        0.0038758683134801687,
        0.003463495308533311,
        0.0033009903877973556,
        0.0033404456730931997,
        0.0030134820775128903,
        0.0027493637148290873,
        0.002326265433803201,
        0.002496896891389042,
        0.0021710367663763464,
        0.002430515516316518,
        0.002114909227238968,
        0.0018430947128217667,
        0.0019131738191936166,
        0.0017003220180049539,
        0.00196535516763106,
        0.0018300239474046975,
        0.0025147552229464053,
        0.001995125755202025,
        0.0016555478808004409,
        0.0017617169755976647,
        0.0015350211947225034,
        0.0015868957049679012,
        0.0016788550419732928,
        0.0016451499564573168,
        0.001644253699341789,
        0.0017000183125492185,
        0.0015904973854776472,
        0.0014945919462479652,
        0.0014369763236027212,
        0.0014908053504768758,
        0.001481189802289009,
        0.0016140622517559677,
        0.001544293175684288,
        0.0015269172517582775,
        0.0013251888984814287,
        0.0014033687382470816,
        0.0013575679576024414,
        0.001342331754276529,
        0.0013641454390017317,
        0.0014025848684832453,
        0.001338135893456638,
        0.0013039573357673361,
        0.0013797462661750614,
        0.0013319339096779003,
        0.0013517480168957264,
        0.0013228294753935188,
        0.0013645743334200233,
        0.0013703390501905233,
        0.0013285612786421552,
        0.00130168785341084,
        0.0012788762524724006,
        0.0012498682516161352,
        0.0013385240256320685
    ],
    "valid_loss": [
        0.016549435710268363,
        0.01616220854754959,
        0.015439890990299838,
        0.011901723021375281,
        0.008565266616642475,
        0.005520824409489121,
        0.005264054451669965,
        0.006097030593082309,
        0.004770664597994515,
        0.004606435674109629,
        0.0043672228098980016,
        0.004533129311831934,
        0.004058928528268423,
        0.005368660270635571,
        0.0036697734612971544,
        0.003502580037872706,
        0.0033337196800857782,
        0.0036121540636356387,
        0.003501325779195343,
        0.00330458943998175,
        0.002606761924523328,
        0.0024158787314913104,
        0.0024055578147194217,
        0.0024662425608507226,
        0.0021258476190268993,
        0.002328788262924978,
        0.0023207953698667033,
        0.002069439522788993,
        0.0019154934977580393,
        0.0021336093777790666,
        0.0019638887107638375,
        0.0026305365775312695,
        0.001781916628325624,
        0.0020782175374084283,
        0.0019546359877235125,
        0.0013737063688625181,
        0.001526708880971585,
        0.0014673664533932293,
        0.0016019072250596114,
        0.0017675597253920777,
        0.0015062379284894892,
        0.0014211460365913808,
        0.0015429900377057493,
        0.001183363958261907,
        0.0012873363947229727,
        0.0014460216459286,
        0.0017267037349353944,
        0.0010285857798797743,
        0.0014494374294632248,
        0.0014117124789793576,
        0.0014629699123491133,
        0.0010885579478261726,
        0.0014621485357305833,
        0.0011573521769605577,
        0.0010636852904488997,
        0.0014554888891455317,
        0.00164191414036655,
        0.0013749620411545038,
        0.0013684188098912792,
        0.001137862489226141,
        0.0013866786279582552,
        0.001422198921708124,
        0.0011963107806098247,
        0.0011464131946143294,
        0.0012896422163716384,
        0.0012634231575897761,
        0.0014363016899941222,
        0.0013429684664255806
    ],
    "valid_psnr": [
        17.878610066005162,
        18.12992995125907,
        18.404179436819895,
        19.431003298078263,
        20.95972170148577,
        22.701490674700057,
        22.854163578578405,
        22.364065715244838,
        23.47455624171666,
        23.439029693603516,
        23.76528821672712,
        23.595214571271622,
        24.26705823625837,
        23.15070915222168,
        24.458944865635463,
        24.8375734601702,
        25.04266929626465,
        24.633649826049805,
        24.654846463884628,
        25.03497859409877,
        25.994372504098074,
        26.268789836338588,
        26.423442568097794,
        26.140337807791575,
        26.761531829833984,
        26.593175615583146,
        26.53203582763672,
        27.005489349365234,
        27.37748827253069,
        26.823132923671178,
        27.28150749206543,
        25.863798686436244,
        27.73628534589495,
        27.143637248447963,
        27.32828085763114,
        28.859039851597377,
        28.293954304286412,
        28.397646767752512,
        28.017031260899135,
        27.96447890145438,
        28.30129269191197,
        28.58349745614188,
        28.38849585396903,
        29.48424312046596,
        29.117395401000977,
        28.53970227922712,
        27.698875427246094,
        30.180564335414342,
        28.505565643310547,
        28.626412527901785,
        28.596312386648997,
        29.692470005580358,
        28.70906012398856,
        29.530002321515763,
        29.867955344063894,
        28.59343147277832,
        28.103219713483536,
        29.124213899884904,
        28.80924470084054,
        29.6018739427839,
        28.711483819144114,
        28.75908633640834,
        29.432995115007675,
        29.633520943777903,
        28.983609880719865,
        29.118831906999862,
        28.680535452706472,
        28.92235783168248
    ]
}