{
    "train_loss": [
        0.13281772341579198,
        0.021179017834365366
    ],
    "valid_loss": [
        0.028331017919949124,
        0.017804491200617382
    ],
    "valid_psnr": [
        15.599807466779437,
        17.542728969029017
    ]
}